Data ID,Temperature 1,Temperature 2,Temperature 3,Temperature 4,Pressure 1,Pressure 2,Pressure 3,Flow 1,Flow 2,Flow 3,Current 1,Current 2,Switch 1,Switch 2,Switch 3,Output 1,Output 2
2018-01-18 23:36:29.348887,8.131561392382068,1.9412322412122753,5.656696753573868,,10.846255891581414,10.185223471685951,10.76753597398772,2.555893184451678,2.587739478243886,2.7122008397318766,5.040648988160174,5.375418377872946,True,True,True,32.48170956786451,73.46792577188148
